<?xml version="1.0" encoding="UTF-8"?>
<beans:beans xmlns = "http://www.springframework.org/schema/security" 
					xmlns:mvc= "http://www.springframework.org/schema/mvc"
					xmlns:beans = "http://www.springframework.org/schema/beans"	
					xmlns:context = "http://www.springframework.org/schema/context"		
					xmlns:tx="http://www.springframework.org/schema/tx"
					xmlns:security="http://www.springframework.org/schema/security"
					xmlns:xsi="http://www.w3.org/2001/XMLSchema-instance"
					xsi:schemaLocation="http://www.springframework.org/schema/beans
										http://www.springframework.org/schema/beans/spring-beans.xsd
										http://www.springframework.org/schema/mvc
										http://www.springframework.org/schema/mvc/spring-mvc.xsd
										http://www.springframework.org/schema/context
										http://www.springframework.org/schema/context/spring-context.xsd
										http://www.springframework.org/schema/tx
										http://www.springframework.org/schema/tx/spring-tx.xsd
										http://www.springframework.org/schema/security
										http://www.springframework.org/schema/security/spring-security.xsd">

<security:http auto-config="true" use-expressions="true">
	<security:form-login login-page="/login"
									default-target-url="/"
									login-processing-url="/perform_login"
									username-parameter="username"
									password-parameter="password"
									authentication-failure-forward-url="/login_failed"
									authentication-success-forward-url="/login_success"/>
									
	<security:access-denied-handler error-page="/login_failed"/>
	<security:csrf disabled="true"/>
	<security:logout logout-url="/logout" invalidate-session="true" logout-success-url="/"/>
	
	<security:intercept-url pattern="/webapp/resources/*" access="permitAll" />
	<security:intercept-url pattern="/Product/**" access="hasRole('ROLE_ADMIN')"/>
	<security:intercept-url pattern="/Category/**" access="hasRole('ROLE_ADMIN')"/>
	<security:intercept-url pattern="/Supplier/**" access="hasRole('ROLE_ADMIN')"/>
</security:http>

<security:authentication-manager>
	<security:authentication-provider>
		<security:jdbc-user-service data-source-ref="dataSource"
						users-by-username-query="select mailID, password, 'TRUE' as isEnabled from User where mailID=?"
						authorities-by-username-query="select mailID, role from user where mailID=?"/>
	 </security:authentication-provider>
</security:authentication-manager>
</beans:beans>